# ID,Labelname,RegionLongName,LR,Lobe,Cortex,Cortex_ID
57,L_p24pr,Area_Posterior_24_prime_L,L,Fr,Anterior_Cingulate_and_Medial_Prefrontal,19
58,L_33pr,Area_33_prime_L,L,Fr,Anterior_Cingulate_and_Medial_Prefrontal,19
59,L_a24pr,Anterior_24_prime_L,L,Fr,Anterior_Cingulate_and_Medial_Prefrontal,19
60,L_p32pr,Area_p32_prime_L,L,Fr,Anterior_Cingulate_and_Medial_Prefrontal,19
61,L_a24,Area_a24_L,L,Fr,Anterior_Cingulate_and_Medial_Prefrontal,19
62,L_d32,Area_dorsal_32_L,L,Fr,Anterior_Cingulate_and_Medial_Prefrontal,19
63,L_8BM,Area_8BM_L,L,Fr,Anterior_Cingulate_and_Medial_Prefrontal,19
64,L_p32,Area_p32_L,L,Fr,Anterior_Cingulate_and_Medial_Prefrontal,19
65,L_10r,Area_10r_L,L,Fr,Anterior_Cingulate_and_Medial_Prefrontal,19
69,L_9m,Area_9_Middle_L,L,Fr,Anterior_Cingulate_and_Medial_Prefrontal,19
88,L_10v,Area_10v_L,L,Fr,Anterior_Cingulate_and_Medial_Prefrontal,19
164,L_25,Area_25_L,L,Fr,Anterior_Cingulate_and_Medial_Prefrontal,19
165,L_s32,Area_s32_L,L,Fr,Anterior_Cingulate_and_Medial_Prefrontal,19
166,L_pOFC,Posterior_OFC_Complex_L,L,Fr,Anterior_Cingulate_and_Medial_Prefrontal,19
179,L_a32pr,Area_anterior_32_prime_L,L,Fr,Anterior_Cingulate_and_Medial_Prefrontal,19
180,L_p24,Area_posterior_24_L,L,Fr,Anterior_Cingulate_and_Medial_Prefrontal,19
237,R_p24pr,Area_Posterior_24_prime_R,R,Fr,Anterior_Cingulate_and_Medial_Prefrontal,19
238,R_33pr,Area_33_prime_R,R,Fr,Anterior_Cingulate_and_Medial_Prefrontal,19
239,R_a24pr,Anterior_24_prime_R,R,Fr,Anterior_Cingulate_and_Medial_Prefrontal,19
240,R_p32pr,Area_p32_prime_R,R,Fr,Anterior_Cingulate_and_Medial_Prefrontal,19
241,R_a24,Area_a24_R,R,Fr,Anterior_Cingulate_and_Medial_Prefrontal,19
242,R_d32,Area_dorsal_32_R,R,Fr,Anterior_Cingulate_and_Medial_Prefrontal,19
243,R_8BM,Area_8BM_R,R,Fr,Anterior_Cingulate_and_Medial_Prefrontal,19
244,R_p32,Area_p32_R,R,Fr,Anterior_Cingulate_and_Medial_Prefrontal,19
245,R_10r,Area_10r_R,R,Fr,Anterior_Cingulate_and_Medial_Prefrontal,19
249,R_9m,Area_9_Middle_R,R,Fr,Anterior_Cingulate_and_Medial_Prefrontal,19
268,R_10v,Area_10v_R,R,Fr,Anterior_Cingulate_and_Medial_Prefrontal,19
344,R_25,Area_25_R,R,Fr,Anterior_Cingulate_and_Medial_Prefrontal,19
345,R_s32,Area_s32_R,R,Fr,Anterior_Cingulate_and_Medial_Prefrontal,19
346,R_pOFC,posterior_OFC_Complex_R,R,Fr,Anterior_Cingulate_and_Medial_Prefrontal,19
359,R_a32pr,Area_anterior_32_prime_R,R,Fr,Anterior_Cingulate_and_Medial_Prefrontal,19
360,R_p24,Area_posterior_24_R,R,Fr,Anterior_Cingulate_and_Medial_Prefrontal,19
107,L_TA2,Area_TA2_L,L,Temp,Auditory_Association,11
123,L_STGa,Area_STGa_L,L,Temp,Auditory_Association,11
125,L_A5,Auditory_5_Complex_L,L,Temp,Auditory_Association,11
128,L_STSda,Area_STSd_anterior_L,L,Temp,Auditory_Association,11
129,L_STSdp,Area_STSd_posterior_L,L,Temp,Auditory_Association,11
130,L_STSvp,Area_STSv_posterior_L,L,Temp,Auditory_Association,11
175,L_A4,Auditory_4_Complex_L,L,Temp,Auditory_Association,11
176,L_STSva,Area_STSv_anterior_L,L,Temp,Auditory_Association,11
287,R_TA2,Area_TA2_R,R,Temp,Auditory_Association,11
303,R_STGa,Area_STGa_R,R,Temp,Auditory_Association,11
305,R_A5,Auditory_5_Complex_R,R,Temp,Auditory_Association,11
308,R_STSda,Area_STSd_anterior_R,R,Temp,Auditory_Association,11
309,R_STSdp,Area_STSd_posterior_R,R,Temp,Auditory_Association,11
310,R_STSvp,Area_STSv_posterior_R,R,Temp,Auditory_Association,11
355,R_A4,Auditory_4_Complex_R,R,Temp,Auditory_Association,11
356,R_STSva,Area_STSv_anterior_R,R,Temp,Auditory_Association,11
363,L_Caudate,L_Caudate,L,Sub,Basal_Ganglia,25
364,L_Putamen,L_Putamen,L,Sub,Basal_Ganglia,25
365,L_Pallidum,L_Pallidum,L,Sub,Basal_Ganglia,25
368,L_Accumbens,L_Accumbens,L,Sub,Basal_Ganglia,25
372,R_Caudate,R_Caudate,R,Sub,Basal_Ganglia,25
373,R_Putamen,R_Putamen,R,Sub,Basal_Ganglia,25
374,R_Pallidum,R_Pallidum,R,Sub,Basal_Ganglia,25
377,R_Accumbens,R_Accumbens,R,Sub,Basal_Ganglia,25
379,Brain-Stem,Brain-Stem,B,BS,Brainstem,27
361,L_Cerebellu,L_Cerebellu,L,Cer,Cerebellum,23
370,R_Cerebellu,R_Cerebellu,R,Cer,Cerebellum,23
362,L_Thalamus,L_Thalamus,L,Sub,Diencephalon,24
369,L_VentralDC,L_VentralDC,L,Sub,Diencephalon,24
371,R_Thalamus,R_Thalamus,R,Sub,Diencephalon,24
378,R_VentralDC,R_VentralDC,R,Sub,Diencephalon,24
3,L_V6,Sixth_Visual_Area_L,L,Occ,Dorsal_Stream_Visual,3
13,L_V3A,Area_V3A_L,L,Occ,Dorsal_Stream_Visual,3
16,L_V7,Seventh_Visual_Area_L,L,Occ,Dorsal_Stream_Visual,3
17,L_IPS1,IntraParietal_Sulcus_Area_1_L,L,Par,Dorsal_Stream_Visual,3
19,L_V3B,Area_V3B_L,L,Occ,Dorsal_Stream_Visual,3
152,L_V6A,Area_V6A_L,L,Occ,Dorsal_Stream_Visual,3
183,R_V6,Sixth_Visual_Area_R,R,Occ,Dorsal_Stream_Visual,3
193,R_V3A,Area_V3A_R,R,Occ,Dorsal_Stream_Visual,3
196,R_V7,Seventh_Visual_Area_R,R,Occ,Dorsal_Stream_Visual,3
197,R_IPS1,IntraParietal_Sulcus_Area_1_R,R,Par,Dorsal_Stream_Visual,3
199,R_V3B,Area_V3B_R,R,Occ,Dorsal_Stream_Visual,3
332,R_V6A,Area_V6A_R,R,Par,Dorsal_Stream_Visual,3
26,L_SFL,Superior_Frontal_Language_Area_L,L,Fr,Dorsolateral_Prefrontal,22
67,L_8Av,Area_8Av_L,L,Fr,Dorsolateral_Prefrontal,22
68,L_8Ad,Area_8Ad_L,L,Fr,Dorsolateral_Prefrontal,22
70,L_8BL,Area_8B_Lateral_L,L,Fr,Dorsolateral_Prefrontal,22
71,L_9p,Area_9_Posterior_L,L,Fr,Dorsolateral_Prefrontal,22
73,L_8C,Area_8C_L,L,Fr,Dorsolateral_Prefrontal,22
83,L_p9-46v,Area_posterior_9-46v_L,L,Fr,Dorsolateral_Prefrontal,22
84,L_46,Area_46_L,L,Fr,Dorsolateral_Prefrontal,22
85,L_a9-46v,Area_anterior_9-46v_L,L,Fr,Dorsolateral_Prefrontal,22
86,L_9-46d,Area_9-46d_L,L,Fr,Dorsolateral_Prefrontal,22
87,L_9a,Area_9_anterior_L,L,Fr,Dorsolateral_Prefrontal,22
97,L_i6-8,Inferior_6-8_Transitional_Area_L,L,Fr,Dorsolateral_Prefrontal,22
98,L_s6-8,Superior_6-8_Transitional_Area_L,L,Fr,Dorsolateral_Prefrontal,22
206,R_SFL,Superior_Frontal_Language_Area_R,R,Fr,Dorsolateral_Prefrontal,22
247,R_8Av,Area_8Av_R,R,Fr,Dorsolateral_Prefrontal,22
248,R_8Ad,Area_8Ad_R,R,Fr,Dorsolateral_Prefrontal,22
250,R_8BL,Area_8B_Lateral_R,R,Fr,Dorsolateral_Prefrontal,22
251,R_9p,Area_9_Posterior_R,R,Fr,Dorsolateral_Prefrontal,22
253,R_8C,Area_8C_R,R,Fr,Dorsolateral_Prefrontal,22
263,R_p9-46v,Area_posterior_9-46v_R,R,Fr,Dorsolateral_Prefrontal,22
264,R_46,Area_46_R,R,Fr,Dorsolateral_Prefrontal,22
265,R_a9-46v,Area_anterior_9-46v_R,R,Fr,Dorsolateral_Prefrontal,22
266,R_9-46d,Area_9-46d_R,R,Fr,Dorsolateral_Prefrontal,22
267,R_9a,Area_9_anterior_R,R,Fr,Dorsolateral_Prefrontal,22
277,R_i6-8,Inferior_6-8_Transitional_Area_R,R,Fr,Dorsolateral_Prefrontal,22
278,R_s6-8,Superior_6-8_Transitional_Area_R,R,Fr,Dorsolateral_Prefrontal,22
24,L_A1,Primary_Auditory_Cortex_L,L,Temp,Early_Auditory,10
103,L_52,Area_52_L,L,Temp,Early_Auditory,10
104,L_RI,RetroInsular_Cortex_L,L,Par,Early_Auditory,10
105,L_PFcm,Area_PFcm_L,L,Par,Early_Auditory,10
124,L_PBelt,ParaBelt_Complex_L,L,Temp,Early_Auditory,10
173,L_MBelt,Medial_Belt_Complex_L,L,Temp,Early_Auditory,10
174,L_LBelt,Lateral_Belt_Complex_L,L,Temp,Early_Auditory,10
204,R_A1,Primary_Auditory_Cortex_R,R,Temp,Early_Auditory,10
283,R_52,Area_52_R,R,Ins,Early_Auditory,10
284,R_RI,RetroInsular_Cortex_R,R,Par,Early_Auditory,10
285,R_PFcm,Area_PFcm_R,R,Par,Early_Auditory,10
304,R_PBelt,ParaBelt_Complex_R,R,Temp,Early_Auditory,10
353,R_MBelt,Medial_Belt_Complex_R,R,Temp,Early_Auditory,10
354,R_LBelt,Lateral_Belt_Complex_R,R,Temp,Early_Auditory,10
4,L_V2,Second_Visual_Area_L,L,Occ,Early_Visual,2
5,L_V3,Third_Visual_Area_L,L,Occ,Early_Visual,2
6,L_V4,Fourth_Visual_Area_L,L,Occ,Early_Visual,2
184,R_V2,Second_Visual_Area_R,R,Occ,Early_Visual,2
185,R_V3,Third_Visual_Area_R,R,Occ,Early_Visual,2
186,R_V4,Fourth_Visual_Area_R,R,Occ,Early_Visual,2
74,L_44,Area_44_L,L,Fr,Inferior_Frontal,21
75,L_45,Area_45_L,L,Fr,Inferior_Frontal,21
76,L_47l,Area_47l_(47_lateral)_L,L,Fr,Inferior_Frontal,21
77,L_a47r,Area_anterior_47r_L,L,Fr,Inferior_Frontal,21
79,L_IFJa,Area_IFJa_L,L,Fr,Inferior_Frontal,21
80,L_IFJp,Area_IFJp_L,L,Fr,Inferior_Frontal,21
81,L_IFSp,Area_IFSp_L,L,Fr,Inferior_Frontal,21
82,L_IFSa,Area_IFSa_L,L,Fr,Inferior_Frontal,21
171,L_p47r,Area_posterior_47r_L,L,Fr,Inferior_Frontal,21
254,R_44,Area_44_R,R,Fr,Inferior_Frontal,21
255,R_45,Area_45_R,R,Fr,Inferior_Frontal,21
256,R_47l,Area_47l_(47_lateral)_R,R,Fr,Inferior_Frontal,21
257,R_a47r,Area_anterior_47r_R,R,Fr,Inferior_Frontal,21
259,R_IFJa,Area_IFJa_R,R,Fr,Inferior_Frontal,21
260,R_IFJp,Area_IFJp_R,R,Fr,Inferior_Frontal,21
261,R_IFSp,Area_IFSp_R,R,Fr,Inferior_Frontal,21
262,R_IFSa,Area_IFSa_R,R,Fr,Inferior_Frontal,21
351,R_p47r,Area_posterior_47r_R,R,Fr,Inferior_Frontal,21
116,L_PFt,Area_PFt_L,L,Par,Inferior_Parietal,17
143,L_PGp,Area_PGp_L,L,Occ,Inferior_Parietal,17
144,L_IP2,Area_IntraParietal_2_L,L,Par,Inferior_Parietal,17
145,L_IP1,Area_IntraParietal_1_L,L,Par,Inferior_Parietal,17
146,L_IP0,Area_IntraParietal_0_L,L,Occ,Inferior_Parietal,17
147,L_PFop,Area_PF_Opercular_L,L,Par,Inferior_Parietal,17
148,L_PF,Area_PF_Complex_L,L,Par,Inferior_Parietal,17
149,L_PFm,Area_PFm_Complex_L,L,Par,Inferior_Parietal,17
150,L_PGi,Area_PGi_L,L,Par,Inferior_Parietal,17
151,L_PGs,Area_PGs_L,L,Par,Inferior_Parietal,17
296,R_PFt,Area_PFt_R,R,Par,Inferior_Parietal,17
323,R_PGp,Area_PGp_R,R,Par,Inferior_Parietal,17
324,R_IP2,Area_IntraParietal_2_R,R,Par,Inferior_Parietal,17
325,R_IP1,Area_IntraParietal_1_R,R,Par,Inferior_Parietal,17
326,R_IP0,Area_IntraParietal_0_R,R,Par,Inferior_Parietal,17
327,R_PFop,Area_PF_Opercular_R,R,Par,Inferior_Parietal,17
328,R_PF,Area_PF_Complex_R,R,Par,Inferior_Parietal,17
329,R_PFm,Area_PFm_Complex_R,R,Par,Inferior_Parietal,17
330,R_PGi,Area_PGi_R,R,Par,Inferior_Parietal,17
331,R_PGs,Area_PGs_R,R,Par,Inferior_Parietal,17
106,L_PoI2,Posterior_Insular_Area_2_L,L,Ins,Insular_and_Frontal_Opercular,12
108,L_FOP4,Frontal_Opercular_Area_4_L,L,Fr,Insular_and_Frontal_Opercular,12
109,L_MI,Middle_Insular_Area_L,L,Ins,Insular_and_Frontal_Opercular,12
110,L_Pir,Pirform_Cortex_L,L,Temp,Insular_and_Frontal_Opercular,12
111,L_AVI,Anterior_Ventral_Insular_Area_L,L,Fr,Insular_and_Frontal_Opercular,12
112,L_AAIC,Anterior_Agranular_Insula_Complex_L,L,Ins,Insular_and_Frontal_Opercular,12
114,L_FOP3,Frontal_Opercular_Area_3_L,L,Ins,Insular_and_Frontal_Opercular,12
115,L_FOP2,Frontal_Opercular_Area_2_L,L,Fr,Insular_and_Frontal_Opercular,12
167,L_PoI1,Area_Posterior_Insular_1_L,L,Ins,Insular_and_Frontal_Opercular,12
168,L_Ig,Insular_Granular_Complex_L,L,Ins,Insular_and_Frontal_Opercular,12
169,L_FOP5,Area_Frontal_Opercular_5_L,L,Fr,Insular_and_Frontal_Opercular,12
178,L_PI,Para-Insular_Area_L,L,Temp,Insular_and_Frontal_Opercular,12
286,R_PoI2,Posterior_Insular_Area_2_R,R,Ins,Insular_and_Frontal_Opercular,12
288,R_FOP4,Frontal_Opercular_Area_4_R,R,Fr,Insular_and_Frontal_Opercular,12
289,R_MI,Middle_Insular_Area_R,R,Ins,Insular_and_Frontal_Opercular,12
290,R_Pir,Pirform_Cortex_R,R,Temp,Insular_and_Frontal_Opercular,12
291,R_AVI,Anterior_Ventral_Insular_Area_R,R,Ins,Insular_and_Frontal_Opercular,12
292,R_AAIC,Anterior_Agranular_Insula_Complex_R,R,Ins,Insular_and_Frontal_Opercular,12
294,R_FOP3,Frontal_Opercular_Area_3_R,R,Ins,Insular_and_Frontal_Opercular,12
295,R_FOP2,Frontal_Opercular_Area_2_R,R,Ins,Insular_and_Frontal_Opercular,12
347,R_PoI1,Area_Posterior_Insular_1_R,R,Ins,Insular_and_Frontal_Opercular,12
348,R_Ig,Insular_Granular_Complex_R,R,Ins,Insular_and_Frontal_Opercular,12
349,R_FOP5,Area_Frontal_Opercular_5_R,R,Ins,Insular_and_Frontal_Opercular,12
358,R_PI,Para-Insular_Area_R,R,Temp,Insular_and_Frontal_Opercular,12
131,L_TGd,Area_TG_dorsal_L,L,Temp,Lateral_Temporal,14
132,L_TE1a,Area_TE1_anterior_L,L,Temp,Lateral_Temporal,14
133,L_TE1p,Area_TE1_posterior_L,L,Temp,Lateral_Temporal,14
134,L_TE2a,Area_TE2_anterior_L,L,Temp,Lateral_Temporal,14
136,L_TE2p,Area_TE2_posterior_L,L,Temp,Lateral_Temporal,14
137,L_PHT,Area_PHT_L,L,Temp,Lateral_Temporal,14
172,L_TGv,Area_TG_Ventral_L,L,Temp,Lateral_Temporal,14
177,L_TE1m,Area_TE1_Middle_L,L,Temp,Lateral_Temporal,14
311,R_TGd,Area_TG_dorsal_R,R,Temp,Lateral_Temporal,14
312,R_TE1a,Area_TE1_anterior_R,R,Temp,Lateral_Temporal,14
313,R_TE1p,Area_TE1_posterior_R,R,Temp,Lateral_Temporal,14
314,R_TE2a,Area_TE2_anterior_R,R,Temp,Lateral_Temporal,14
316,R_TE2p,Area_TE2_posterior_R,R,Temp,Lateral_Temporal,14
317,R_PHT,Area_PHT_R,R,Temp,Lateral_Temporal,14
352,R_TGv,Area_TG_Ventral_R,R,Temp,Lateral_Temporal,14
357,R_TE1m,Area_TE1_Middle_R,R,Temp,Lateral_Temporal,14
366,L_Hippocamp,L_Hippocamp,L,Sub,Limbic_System,26
367,L_Amygdala,L_Amygdala,L,Sub,Limbic_System,26
375,R_Hippocamp,R_Hippocamp,R,Sub,Limbic_System,26
376,R_Amygdala,R_Amygdala,R,Sub,Limbic_System,26
118,L_EC,Entorhinal_Cortex_L,L,Temp,Medial_Temporal,13
119,L_PreS,PreSubiculum_L,L,Temp,Medial_Temporal,13
120,L_H,Hippocampus_L,L,Temp,Medial_Temporal,13
122,L_PeEc,Perirhinal_Ectorhinal_Cortex_L,L,Temp,Medial_Temporal,13
126,L_PHA1,ParaHippocampal_Area_1_L,L,Temp,Medial_Temporal,13
127,L_PHA3,ParaHippocampal_Area_3_L,L,Temp,Medial_Temporal,13
135,L_TF,Area_TF_L,L,Temp,Medial_Temporal,13
155,L_PHA2,ParaHippocampal_Area_2_L,L,Temp,Medial_Temporal,13
298,R_EC,Entorhinal_Cortex_R,R,Temp,Medial_Temporal,13
299,R_PreS,PreSubiculum_R,R,Temp,Medial_Temporal,13
300,R_H,Hippocampus_R,R,Temp,Medial_Temporal,13
302,R_PeEc,Perirhinal_Ectorhinal_Cortex_R,R,Temp,Medial_Temporal,13
306,R_PHA1,ParaHippocampal_Area_1_R,R,Temp,Medial_Temporal,13
307,R_PHA3,ParaHippocampal_Area_3_R,R,Temp,Medial_Temporal,13
315,R_TF,Area_TF_R,R,Temp,Medial_Temporal,13
335,R_PHA2,ParaHippocampal_Area_2_R,R,Temp,Medial_Temporal,13
2,L_MST,Medial_Superior_Temporal_Area_L,L,Occ,MT+_Complex_and_Neighboring_Visual_Areas,5
20,L_LO1,Area_Lateral_Occipital_1_L,L,Occ,MT+_Complex_and_Neighboring_Visual_Areas,5
21,L_LO2,Area_Lateral_Occipital_2_L,L,Occ,MT+_Complex_and_Neighboring_Visual_Areas,5
23,L_MT,Middle_Temporal_Area_L,L,Occ,MT+_Complex_and_Neighboring_Visual_Areas,5
138,L_PH,Area_PH_L,L,Temp,MT+_Complex_and_Neighboring_Visual_Areas,5
156,L_V4t,Area_V4t_L,L,Occ,MT+_Complex_and_Neighboring_Visual_Areas,5
157,L_FST,Area_FST_L,L,Occ,MT+_Complex_and_Neighboring_Visual_Areas,5
158,L_V3CD,Area_V3CD_L,L,Occ,MT+_Complex_and_Neighboring_Visual_Areas,5
159,L_LO3,Area_Lateral_Occipital_3_L,L,Occ,MT+_Complex_and_Neighboring_Visual_Areas,5
182,R_MST,Medial_Superior_Temporal_Area_R,R,Occ,MT+_Complex_and_Neighboring_Visual_Areas,5
200,R_LO1,Area_Lateral_Occipital_1_R,R,Occ,MT+_Complex_and_Neighboring_Visual_Areas,5
201,R_LO2,Area_Lateral_Occipital_2_R,R,Occ,MT+_Complex_and_Neighboring_Visual_Areas,5
203,R_MT,Middle_Temporal_Area_R,R,Occ,MT+_Complex_and_Neighboring_Visual_Areas,5
318,R_PH,Area_PH_R,R,Temp,MT+_Complex_and_Neighboring_Visual_Areas,5
336,R_V4t,Area_V4t_R,R,Occ,MT+_Complex_and_Neighboring_Visual_Areas,5
337,R_FST,Area_FST_R,R,Occ,MT+_Complex_and_Neighboring_Visual_Areas,5
338,R_V3CD,Area_V3CD_R,R,Occ,MT+_Complex_and_Neighboring_Visual_Areas,5
339,R_LO3,Area_Lateral_Occipital_3_R,R,Par,MT+_Complex_and_Neighboring_Visual_Areas,5
66,L_47m,Area_47m_L,L,Fr,Orbital_and_Polar_Frontal,20
72,L_10d,Area_10d_L,L,Fr,Orbital_and_Polar_Frontal,20
89,L_a10p,Area_anterior_10p_L,L,Fr,Orbital_and_Polar_Frontal,20
90,L_10pp,Polar_10p_L,L,Fr,Orbital_and_Polar_Frontal,20
91,L_11l,Area_11l_L,L,Fr,Orbital_and_Polar_Frontal,20
92,L_13l,Area_13l_L,L,Fr,Orbital_and_Polar_Frontal,20
93,L_OFC,Orbital_Frontal_Complex_L,L,Fr,Orbital_and_Polar_Frontal,20
94,L_47s,Area_47s_L,L,Fr,Orbital_and_Polar_Frontal,20
170,L_p10p,Area_posterior_10p_L,L,Fr,Orbital_and_Polar_Frontal,20
246,R_47m,Area_47m_R,R,Fr,Orbital_and_Polar_Frontal,20
252,R_10d,Area_10d_R,R,Fr,Orbital_and_Polar_Frontal,20
269,R_a10p,Area_anterior_10p_R,R,Fr,Orbital_and_Polar_Frontal,20
270,R_10pp,Polar_10p_R,R,Fr,Orbital_and_Polar_Frontal,20
271,R_11l,Area_11l_R,R,Fr,Orbital_and_Polar_Frontal,20
272,R_13l,Area_13l_R,R,Fr,Orbital_and_Polar_Frontal,20
273,R_OFC,Orbital_Frontal_Complex_R,R,Fr,Orbital_and_Polar_Frontal,20
274,R_47s,Area_47s_R,R,Fr,Orbital_and_Polar_Frontal,20
350,R_p10p,Area_posterior_10p_R,R,Fr,Orbital_and_Polar_Frontal,20
36,L_5m,Area_5m_L,L,Par,Paracentral_Lobular_and_Mid_Cingulate,7
37,L_5mv,Area_5m_ventral_L,L,Par,Paracentral_Lobular_and_Mid_Cingulate,7
38,L_23c,Area_23c_L,L,Par,Paracentral_Lobular_and_Mid_Cingulate,7
39,L_5L,Area_5L_L,L,Par,Paracentral_Lobular_and_Mid_Cingulate,7
40,L_24dd,Dorsal_Area_24d_L,L,Fr,Paracentral_Lobular_and_Mid_Cingulate,7
41,L_24dv,Ventral_Area_24d_L,L,Fr,Paracentral_Lobular_and_Mid_Cingulate,7
43,L_SCEF,Supplementary_and_Cingulate_Eye_Field_L,L,Fr,Paracentral_Lobular_and_Mid_Cingulate,7
44,L_6ma,Area_6m_anterior_L,L,Fr,Paracentral_Lobular_and_Mid_Cingulate,7
55,L_6mp,Area_6mp_L,L,Fr,Paracentral_Lobular_and_Mid_Cingulate,7
216,R_5m,Area_5m_R,R,Par,Paracentral_Lobular_and_Mid_Cingulate,7
217,R_5mv,Area_5m_ventral_R,R,Par,Paracentral_Lobular_and_Mid_Cingulate,7
218,R_23c,Area_23c_R,R,Par,Paracentral_Lobular_and_Mid_Cingulate,7
219,R_5L,Area_5L_R,R,Par,Paracentral_Lobular_and_Mid_Cingulate,7
220,R_24dd,Dorsal_Area_24d_R,R,Fr,Paracentral_Lobular_and_Mid_Cingulate,7
221,R_24dv,Ventral_Area_24d_R,R,Fr,Paracentral_Lobular_and_Mid_Cingulate,7
223,R_SCEF,Supplementary_and_Cingulate_Eye_Field_R,R,Fr,Paracentral_Lobular_and_Mid_Cingulate,7
224,R_6ma,Area_6m_anterior_R,R,Fr,Paracentral_Lobular_and_Mid_Cingulate,7
235,R_6mp,Area_6mp_R,R,Fr,Paracentral_Lobular_and_Mid_Cingulate,7
14,L_RSC,RetroSplenial_Complex_L,L,Par,Posterior_Cingulate,18
15,L_POS2,Parieto-Occipital_Sulcus_Area_2_L,L,Occ,Posterior_Cingulate,18
27,L_PCV,PreCuneus_Visual_Area_L,L,Par,Posterior_Cingulate,18
30,L_7m,Area_7m_L,L,Par,Posterior_Cingulate,18
31,L_POS1,Parieto-Occipital_Sulcus_Area_1_L,L,Par,Posterior_Cingulate,18
32,L_23d,Area_23d_L,L,Par,Posterior_Cingulate,18
33,L_v23ab,Area_ventral_23_a+b_L,L,Par,Posterior_Cingulate,18
34,L_d23ab,Area_dorsal_23_a+b_L,L,Par,Posterior_Cingulate,18
35,L_31pv,Area_31p_ventral_L,L,Par,Posterior_Cingulate,18
121,L_ProS,ProStriate_Area_L,L,Par,Posterior_Cingulate,18
142,L_DVT,Dorsal_Transitional_Visual_Area_L,L,Occ,Posterior_Cingulate,18
161,L_31pd,Area_31pd_L,L,Par,Posterior_Cingulate,18
162,L_31a,Area_31a_L,L,Par,Posterior_Cingulate,18
194,R_RSC,RetroSplenial_Complex_R,R,Par,Posterior_Cingulate,18
195,R_POS2,Parieto-Occipital_Sulcus_Area_2_R,R,Par,Posterior_Cingulate,18
207,R_PCV,PreCuneus_Visual_Area_R,R,Par,Posterior_Cingulate,18
210,R_7m,Area_7m_R,R,Par,Posterior_Cingulate,18
211,R_POS1,Parieto-Occipital_Sulcus_Area_1_R,R,Par,Posterior_Cingulate,18
212,R_23d,Area_23d_R,R,Par,Posterior_Cingulate,18
213,R_v23ab,Area_ventral_23_a+b_R,R,Par,Posterior_Cingulate,18
214,R_d23ab,Area_dorsal_23_a+b_R,R,Par,Posterior_Cingulate,18
215,R_31pv,Area_31p_ventral_R,R,Par,Posterior_Cingulate,18
301,R_ProS,ProStriate_Area_R,R,Par,Posterior_Cingulate,18
322,R_DVT,Dorsal_Transitional_Visual_Area_R,R,Par,Posterior_Cingulate,18
341,R_31pd,Area_31pd_R,R,Par,Posterior_Cingulate,18
342,R_31a,Area_31a_R,R,Par,Posterior_Cingulate,18
99,L_43,Area_43_L,L,Fr,Posterior_Opercular,9
100,L_OP4,Area_OP4-PV_L,L,Par,Posterior_Opercular,9
101,L_OP1,Area_OP1-SII_L,L,Par,Posterior_Opercular,9
102,L_OP2-3,Area_OP2-3-VS_L,L,Par,Posterior_Opercular,9
113,L_FOP1,Frontal_Opercular_Area_1_L,L,Fr,Posterior_Opercular,9
279,R_43,Area_43_R,R,Fr,Posterior_Opercular,9
280,R_OP4,Area_OP4-PV_R,R,Par,Posterior_Opercular,9
281,R_OP1,Area_OP1-SII_R,R,Par,Posterior_Opercular,9
282,R_OP2-3,Area_OP2-3-VS_R,R,Par,Posterior_Opercular,9
293,R_FOP1,Frontal_Opercular_Area_1_R,R,Fr,Posterior_Opercular,9
10,L_FEF,Frontal_Eye_Fields_L,L,Fr,Premotor,8
11,L_PEF,Premotor_Eye_Field_L,L,Fr,Premotor,8
12,L_55b,Area_55b_L,L,Fr,Premotor,8
54,L_6d,Dorsal_area_6_L,L,Fr,Premotor,8
56,L_6v,Ventral_Area_6_L,L,Fr,Premotor,8
78,L_6r,Rostral_Area_6_L,L,Fr,Premotor,8
96,L_6a,Area_6_anterior_L,L,Fr,Premotor,8
190,R_FEF,Frontal_Eye_Fields_R,R,Fr,Premotor,8
191,R_PEF,Premotor_Eye_Field_R,R,Fr,Premotor,8
192,R_55b,Area_55b_R,R,Fr,Premotor,8
234,R_6d,Dorsal_area_6_R,R,Fr,Premotor,8
236,R_6v,Ventral_Area_6_R,R,Fr,Premotor,8
258,R_6r,Rostral_Area_6_R,R,Fr,Premotor,8
276,R_6a,Area_6_anterior_R,R,Fr,Premotor,8
1,L_V1,Primary_Visual_Cortex_L,L,Occ,Primary_Visual,1
181,R_V1,Primary_Visual_Cortex_R,R,Occ,Primary_Visual,1
8,L_4,Primary_Motor_Cortex_L,L,Fr,Somatosensory_and_Motor,6
9,L_3b,Primary_Sensory_Cortex_L,L,Par,Somatosensory_and_Motor,6
51,L_1,Area_1_L,L,Par,Somatosensory_and_Motor,6
52,L_2,Area_2_L,L,Par,Somatosensory_and_Motor,6
53,L_3a,Area_3a_L,L,Fr,Somatosensory_and_Motor,6
188,R_4,Primary_Motor_Cortex_R,R,Fr,Somatosensory_and_Motor,6
189,R_3b,Primary_Sensory_Cortex_R,R,Fr,Somatosensory_and_Motor,6
231,R_1,Area_1_R,R,Par,Somatosensory_and_Motor,6
232,R_2,Area_2_R,R,Par,Somatosensory_and_Motor,6
233,R_3a,Area_3a_R,R,Fr,Somatosensory_and_Motor,6
29,L_7Pm,Medial_Area_7P_L,L,Par,Superior_Parietal,16
42,L_7AL,Lateral_Area_7A_L,L,Par,Superior_Parietal,16
45,L_7Am,Medial_Area_7A_L,L,Par,Superior_Parietal,16
46,L_7PL,Lateral_Area_7P_L,L,Par,Superior_Parietal,16
47,L_7PC,Area_7PC_L,L,Par,Superior_Parietal,16
48,L_LIPv,Area_Lateral_IntraParietal_ventral_L,L,Par,Superior_Parietal,16
49,L_VIP,Ventral_IntraParietal_Complex_L,L,Par,Superior_Parietal,16
50,L_MIP,Medial_IntraParietal_Area_L,L,Par,Superior_Parietal,16
95,L_LIPd,Area_Lateral_IntraParietal_dorsal_L,L,Par,Superior_Parietal,16
117,L_AIP,Anterior_IntraParietal_Area_L,L,Par,Superior_Parietal,16
209,R_7Pm,Medial_Area_7P_R,R,Par,Superior_Parietal,16
222,R_7AL,Lateral_Area_7A_R,R,Par,Superior_Parietal,16
225,R_7Am,Medial_Area_7A_R,R,Par,Superior_Parietal,16
226,R_7PL,Lateral_Area_7P_R,R,Par,Superior_Parietal,16
227,R_7PC,Area_7PC_R,R,Par,Superior_Parietal,16
228,R_LIPv,Area_Lateral_IntraParietal_ventral_R,R,Par,Superior_Parietal,16
229,R_VIP,Ventral_IntraParietal_Complex_R,R,Par,Superior_Parietal,16
230,R_MIP,Medial_IntraParietal_Area_R,R,Par,Superior_Parietal,16
275,R_LIPd,Area_Lateral_IntraParietal_dorsal_R,R,Par,Superior_Parietal,16
297,R_AIP,Anterior_IntraParietal_Area_R,R,Par,Superior_Parietal,16
25,L_PSL,PeriSylvian_Language_Area_L,L,Par,Temporo-Parieto_Occipital_Junction,15
28,L_STV,Superior_Temporal_Visual_Area_L,L,Par,Temporo-Parieto-Occipital_Junction,15
139,L_TPOJ1,Area_TemporoParietoOccipital_Junction_1_L,L,Temp,Temporo-Parieto-Occipital_Junction,15
140,L_TPOJ2,Area_TemporoParietoOccipital_Junction_2_L,L,Par,Temporo-Parieto-Occipital_Junction,15
141,L_TPOJ3,Area_TemporoParietoOccipital_Junction_3_L,L,Occ,Temporo-Parieto-Occipital_Junction,15
205,R_PSL,PeriSylvian_Language_Area_R,R,Par,Temporo-Parieto-Occipital_Junction,15
208,R_STV,Superior_Temporal_Visual_Area_R,R,Par,Temporo-Parieto-Occipital_Junction,15
319,R_TPOJ1,Area_TemporoParietoOccipital_Junction_1_R,R,Temp,Temporo-Parieto-Occipital_Junction,15
320,R_TPOJ2,Area_TemporoParietoOccipital_Junction_2_R,R,Par,Temporo-Parieto-Occipital_Junction,15
321,R_TPOJ3,Area_TemporoParietoOccipital_Junction_3_R,R,Par,Temporo-Parieto-Occipital_Junction,15
7,L_V8,Eighth_Visual_Area_L,L,Occ,Ventral_Stream_Visual,4
18,L_FFC,Fusiform_Face_Complex_L,L,Temp,Ventral_Stream_Visual,4
22,L_PIT,Posterior_InferoTemporal_complex_L,L,Occ,Ventral_Stream_Visual,4
153,L_VMV1,VentroMedial_Visual_Area_1_L,L,Occ,Ventral_Stream_Visual,4
154,L_VMV3,VentroMedial_Visual_Area_3_L,L,Occ,Ventral_Stream_Visual,4
160,L_VMV2,VentroMedial_Visual_Area_2_L,L,Occ,Ventral_Stream_Visual,4
163,L_VVC,Ventral_Visual_Complex_L,L,Temp,Ventral_Stream_Visual,4
187,R_V8,Eighth_Visual_Area_R,R,Occ,Ventral_Stream_Visual,4
198,R_FFC,Fusiform_Face_Complex_R,R,Temp,Ventral_Stream_Visual,4
202,R_PIT,Posterior_InferoTemporal_complex_R,R,Occ,Ventral_Stream_Visual,4
333,R_VMV1,VentroMedial_Visual_Area_1_R,R,Occ,Ventral_Stream_Visual,4
334,R_VMV3,VentroMedial_Visual_Area_3_R,R,Occ,Ventral_Stream_Visual,4
340,R_VMV2,VentroMedial_Visual_Area_2_R,R,Occ,Ventral_Stream_Visual,4
343,R_VVC,Ventral_Visual_Complex_R,R,Temp,Ventral_Stream_Visual,4
